{
  "Index of auth_option": {
  "1": "http-basic",
  "2": "http-bearer",
  "3": "apikey-auth-header",
  "4": "apikey-custom-header",
  "5": "defualt",
  "6": "fivetran Client Id and Client Secret (pass somewhere in param)",
  "7": "Custom Oauth Access Token and Refresh Token flows are different",
  "8": "AccessToken and Refresh Token flows are same (with 2-legged OAuth)",
  "9": "User's Client Id and Client Secret are used but Authorization Code Flow runs (with 3-legged OAuth)",
  "10": "Custom Oauth authorisation-code and only access-token, no refresh-token"
  },

  "Index of service_type": {
  "1": "Marketing",
  "2": "HumanResources",
  "3": "Finance",
  "4": "Productivity",
  "5": "Engineering",
  "6": "Support",
  "7": "Sales",
  "8": "Security",
  "9": "BITool"
},




  "Start filling the data from here": "Fill everything in lower case, leave empty if not required",







  "api_name": "green power monitor",
  "auth_option": "1",
  "auth_url": "auth.com",
  "base_url": "https://api.kandji.io/api/v1",
  "capture_deletes": "all table",
  "description": "Kandji is a cloud based software solution.",
  "doc_url": "https://api.docs.kandji.io",
  "endpoint": "/integration/apple/ade",
  "extract_path": "results",
  "header_params": "Accept application/json",
  "primary_key": "id",
  "query_params": "",
  "refresh_url": "refresh.com",
  "service": "2",
  "table_name": "USERS",
  "token_url": "token.com",
  "url": "https://www.kandji.io/",
  "subdomain": "",
  "body_params": "he sh",
  "graph_ql_body_params": "",









  "Note": "Write graph_al_body_param in raw form"
}










