{
  "Index of auth_option": {
  "1": "http-basic",
  "2": "http-bearer",
  "3": "apikey-auth-header",
  "4": "apikey-custom-header",
  "5": "defualt",
  "6": "fivetran Client Id and Client Secret (pass somewhere in param)",
  "7": "Custom Oauth Access Token and Refresh Token flows are different",
  "8": "AccessToken and Refresh Token flows are same (with 2-legged OAuth)",
  "9": "User's Client Id and Client Secret are used but Authorization Code Flow runs (with 3-legged OAuth)",
  "10": "Custom Oauth authorisation-code and only access-token, no refresh-token",
  "11": "apikey-query-header"
  },

  "Index of service_type": {
  "1": "Marketing",
  "2": "HumanResources",
  "3": "Finance",
  "4": "Productivity",
  "5": "Engineering",
  "6": "Support",
  "7": "Sales",
  "8": "Security",
  "9": "BITool"
},




  "Start filling the data from here": "Fill everything in lower case, leave empty if not required",







"api_name": "j",
  "auth_option": "10",
  "auth_url": "auth",
  "base_url": "https://api.fonedynamics.com/v2",
  "description": "Fone Dynamics help you take your brand, communications and data driven marketing to a new level through state-of-the-art voice and SMS services.",
  "doc_url": "https://www.fonedynamics.com/docs/rest-api/get-available/",
  "endpoint": "/Numbers",
  "extract_path": "pdf",
  "header_params": "sfd",
  "primary_key": "Number",
  "query_params": "sdfas",
  "refresh_url": "refugees",
  "service": "1",
  "table_name": "AVAILABLE_NUMBER",
  "token_url": "tojek",
  "url": "http://quay.io/",
  "subdomain": "sdf",
  "body_params": "sdf",
  "body_params_format": "application/x-www-form-urlencoded",
  "graph_ql_body_params": "asdf",








  "Note": "Write graph_al_body_param in raw form",
  "Note": "Leave it empty if fields is not required"
}










